<environmentvariabledefinition schemaname="alm_CurrentEnvironment">
  <description default="Example: Dev">
    <label description="Example: Dev" languagecode="1033" />
  </description>
  <displayname default="CurrentEnvironment">
    <label description="CurrentEnvironment" languagecode="1033" />
  </displayname>
  <introducedversion>1.0.0.0</introducedversion>
  <iscustomizable>1</iscustomizable>
  <isrequired>0</isrequired>
  <secretstore>0</secretstore>
  <type>100000000</type>
</environmentvariabledefinition>